{"cameraMode":{"drawMode":0,"name":"Shaded","section":"Shading Mode"},"sceneLighting":false,"audioPlay":false,"sceneViewState":{"m_AlwaysRefresh":false,"showFog":true,"showSkybox":false,"showFlares":true,"showImageEffects":true,"showParticleSystems":true,"showVisualEffectGraphs":true,"m_FxEnabled":true},"in2DMode":false,"pivot":{"x":-0.04015527293086052,"y":-1.610497236251831,"z":-0.0014581084251403809},"rotation":{"x":-0.10803628712892533,"y":-0.03369796648621559,"z":0.0036642083432525398,"w":-0.9935722351074219},"size":0.08660251647233963,"orthographic":false}