{"cameraMode":{"drawMode":0,"name":"Shaded","section":"Shading Mode"},"sceneLighting":false,"audioPlay":false,"sceneViewState":{"m_AlwaysRefresh":false,"showFog":true,"showSkybox":false,"showFlares":true,"showImageEffects":true,"showParticleSystems":true,"showVisualEffectGraphs":true,"m_FxEnabled":true},"in2DMode":false,"pivot":{"x":-1.295993685722351,"y":4.8585591316223148,"z":1.621572494506836},"rotation":{"x":-0.10803628712892533,"y":-0.03369796648621559,"z":0.0036642083432525398,"w":-0.9935722351074219},"size":0.5737795829772949,"orthographic":false}